,xCoord,yCoord
337,0.209048195344175,-0.0773981114082232
295,0.0821031439078061,-0.721407343423917
243,0.19816543902750802,-0.674646424856188
91,-0.348659652259852,0.0350861683459668
375,0.214726351625286,0.18389446391964398
