,work_day,temp,humidity,wind_speed,num_bikes
0,0,0.265833,0.687917,0.175996,2.947
1,1,0.282609,0.622174,0.1538,3.784
2,1,0.354167,0.49625,0.147379,4.375
3,1,0.25666700000000003,0.722917,0.133721,2.802
4,1,0.265,0.562083,0.194037,3.83
5,1,0.280833,0.54,0.116929,3.8310000000000004
6,0,0.224167,0.73125,0.289796,2.169
7,0,0.1275,0.464583,0.409212,1.5290000000000001
8,1,0.2225,0.41125,0.167283,3.4219999999999997
9,1,0.31916700000000003,0.50875,0.141179,3.9219999999999997
